SNP,seq_region_name,start
rs4676049,2,109018801
rs2075650,19,44892362
rs4420638,19,44919689
rs744373,2,127137039
rs2373115,11,78380104
rs11218343,11,121564878
rs519113,19,44873027
rs4663105,2,127133851
rs2632516,17,58331728
rs9381563,6,47464901
rs3865444,19,51224706
rs4236673,8,27607412
rs11257242,10,11679120
rs11763230,7,143411748
rs11763230,CHR_HG708_PATCH,143411748
rs7657553,4,11721611
rs7935829,11,60175342
rs12590654,14,92472511
rs1859788,7,100374211
rs6733839,2,127135234
rs11771145,7,143413669
rs11771145,CHR_HG708_PATCH,143413669
rs9331896,8,27610169
rs10792832,11,86156833
rs7561528,2,127132061
rs4938933,11,60266956
rs6701713,1,207612944
rs561655,11,86089237
rs9349407,6,47485642
rs11767557,7,143412046
rs11767557,CHR_HG708_PATCH,143412046
rs2718058,7,37801932
rs10948363,6,47520026
rs35349669,2,233159830
rs35349669,CHR_HG2232_PATCH,233159830
rs190982,5,88927603
rs17125944,14,52933911
rs9271192,6,32610753
rs9271192,CHR_HSCHR6_MHC_COX_CTG1,32539248
rs9271192,CHR_HSCHR6_MHC_DBB_CTG1,32583529
rs9271192,CHR_HSCHR6_MHC_MANN_CTG1,32757927
rs9271192,CHR_HSCHR6_MHC_QBL_CTG1,32544505
rs9271192,CHR_HSCHR6_MHC_SSTO_CTG1,32704296
rs28834970,8,27337604
rs10498633,14,92460608
rs7185636,16,19796841
rs593742,15,58753575
rs2830500,21,26784537
rs7920721,10,11678309
rs1060743,2,127068957
rs1532278,8,27608798
rs7412,19,44908822
rs11754661,6,150885942
rs75002042,5,15669858
rs394819,19,44901322
rs12989701,2,127130409
rs115550680,19,1050421
rs41289512,19,44848259
rs8093731,18,31508995
rs6656401,1,207518704
rs983392,11,60156035
rs4147929,19,1063444
rs7274581,20,56443204
rs1476679,7,100406823
rs10838725,11,47536319
rs138190086,17,63460787
rs114812713,6,41066261
rs62039712,16,79321960
rs143332484,6,41161469
rs616338,17,49219935
rs72824905,16,81908423
rs75932628,6,41161514
rs139967528,10,7799848
