SNP,Global,Global_MAF,ACB,ACB_MAF,AFR,AFR_MAF,AMR,AMR_MAF,ASW,ASW_MAF,BEB,BEB_MAF,CDX,CDX_MAF,CEU,CEU_MAF,CHB,CHB_MAF,CHS,CHS_MAF,CLM,CLM_MAF,EAS,EAS_MAF,ESN,ESN_MAF,EUR,EUR_MAF,FIN,FIN_MAF,GBR,GBR_MAF,GIH,GIH_MAF,IBS,IBS_MAF,ITU,ITU_MAF,JPT,JPT_MAF,KHV,KHV_MAF,LWK,LWK_MAF,GWD,GWD_MAF,MSL,MSL_MAF,MXL,MXL_MAF,PEL,PEL_MAF,PJL,PJL_MAF,PUR,PUR_MAF,SAS,SAS_MAF,STU,STU_MAF,TSI,TSI_MAF,YRI,YRI_MAF,Ancestral,Minor
rs4676049,0.703125,0.296875,0.66792738,0.33207262,0.83965655,0.16034345,0.91498559,0.08501441,0.69672131,0.30327869,0.90116279,0.09883721,0.80107527,0.19892473,0.93434343,0.06565657,0.83495146,0.16504854,0.85238095,0.14761905,0.89893617,0.10106383,0.84722222,0.15277778,0.68686869,0.31313131,0.92942346,0.07057654,0.95959596,0.04040404,0.95054945,0.04945055,0.87378641,0.12621359,0.5619469,0.4380531,0.87850467,0.12149533,0.97058824,0.02941176,0.875,0.125,0.86868687,0.13131313,0.74747475,0.25252525,0.56470588,0.43529412,0.890625,0.109375,0.92941176,0.07058824,0.91145833,0.08854167,0.93269231,0.06730769,0.91820041,0.08179959,0.93137255,0.06862745,0.92990654,0.07009346,0.72222222,0.27777778,C,T
rs2075650,0.90625,0.09375,0.86913767,0.13086233,0.88059105,0.11940895,0.89481268,0.10518732,0.82786885,0.17213115,0.88372093,0.11627907,0.87096774,0.12903226,0.83333333,0.16666667,0.88834951,0.11165049,0.94285714,0.05714286,0.83510638,0.16489362,0.90277778,0.09722222,0.88383838,0.11616162,0.86878728,0.13121272,0.85858586,0.14141414,0.85714286,0.14285714,0.88349515,0.11650485,0.88938053,0.11061947,0.89252336,0.10747664,0.88235294,0.11764706,0.87980769,0.12019231,0.92929293,0.07070707,0.82828283,0.17171717,0.87058824,0.12941176,0.90625,0.09375,0.94117647,0.05882353,0.86979167,0.13020833,0.90384615,0.09615385,0.87525562,0.12474438,0.85784314,0.14215686,0.89719626,0.10280374,0.86111111,0.13888889,A,G
rs4420638,0.78125,0.21875,0.77987897,0.22012103,0.84904153,0.15095847,0.90489914,0.09510086,0.71311475,0.28688525,0.90116279,0.09883721,0.90322581,0.09677419,0.78282828,0.21717172,0.87378641,0.12621359,0.91904762,0.08095238,0.89893617,0.10106383,0.90079365,0.09920635,0.83333333,0.16666667,0.80218688,0.19781312,0.73232323,0.26767677,0.8021978,0.1978022,0.93203883,0.06796117,0.7920354,0.2079646,0.84579439,0.15420561,0.89215686,0.10784314,0.90865385,0.09134615,0.8989899,0.1010101,0.7020202,0.2979798,0.75294118,0.24705882,0.90625,0.09375,0.94705882,0.05294118,0.88541667,0.11458333,0.875,0.125,0.89775051,0.10224949,0.87745098,0.12254902,0.8411215,0.1588785,0.84722222,0.15277778,A,G
rs744373,0.515625,0.484375,0.5151286,0.4848714,0.6419728,0.3580272,0.6080692,0.3919308,0.5163934,0.4836066,0.7383721,0.2616279,0.6182796,0.3817204,0.7020202,0.2979798,0.6699029,0.3300971,0.6809524,0.3190476,0.6702128,0.3297872,0.656746,0.343254,0.5050505,0.4949495,0.7276342,0.2723658,0.7474747,0.2525253,0.7252747,0.2747253,0.776699,0.223301,0.5840708,0.4159292,0.7523364,0.2476636,0.7794118,0.2205882,0.6875,0.3125,0.6212121,0.3787879,0.6060606,0.3939394,0.5117647,0.4882353,0.5859375,0.4140625,0.5294118,0.4705882,0.7916667,0.2083333,0.6298077,0.3701923,0.7750511,0.2249489,0.7843137,0.2156863,0.7102804,0.2897196,0.5555556,0.4444444,A,G
rs2373115,0.6822917,0.3177083,0.6618759,0.3381241,0.6898962,0.3101038,0.6729107,0.3270893,0.5983607,0.4016393,0.7151163,0.2848837,0.6182796,0.3817204,0.8686869,0.1313131,0.6116505,0.3883495,0.5809524,0.4190476,0.7446809,0.2553191,0.5952381,0.4047619,0.6666667,0.3333333,0.8151093,0.1848907,0.7828283,0.2171717,0.8241758,0.1758242,0.6941748,0.3058252,0.619469,0.380531,0.8364486,0.1635514,0.7205882,0.2794118,0.5384615,0.4615385,0.6313131,0.3686869,0.6919192,0.3080808,0.6529412,0.3470588,0.6796875,0.3203125,0.5058824,0.4941176,0.6822917,0.3177083,0.7403846,0.2596154,0.708589,0.291411,0.7303922,0.2696078,0.7663551,0.2336449,0.6990741,0.3009259,A,C
rs11218343,0.921875,0.078125,0.92813918,0.07186082,0.89097444,0.10902556,0.94236311,0.05763689,0.89344262,0.10655738,0.90697674,0.09302326,0.74731183,0.25268817,0.95959596,0.04040404,0.68932039,0.31067961,0.73333333,0.26666667,0.95212766,0.04787234,0.71230159,0.28769841,0.95959596,0.04040404,0.95725646,0.04274354,0.95959596,0.04040404,0.95054945,0.04945055,0.89805825,0.10194175,0.92477876,0.07522124,0.96261682,0.03738318,0.90686275,0.09313725,0.64423077,0.35576923,0.75252525,0.24747475,0.90909091,0.09090909,0.94117647,0.05882353,0.921875,0.078125,0.94705882,0.05294118,0.953125,0.046875,0.94230769,0.05769231,0.9202454,0.0797546,0.93627451,0.06372549,0.95327103,0.04672897,0.93518519,0.06481481,C,T
rs519113,0.6927083,0.3072917,0.6565809,0.3434191,0.7332268,0.2667732,0.7089337,0.2910663,0.6639344,0.3360656,0.75,0.25,0.8333333,0.1666667,0.7626263,0.2373737,0.8300971,0.1699029,0.8857143,0.1142857,0.643617,0.356383,0.8373016,0.1626984,0.6818182,0.3181818,0.7862823,0.2137177,0.8383838,0.1616162,0.7637363,0.2362637,0.6359223,0.3640777,0.659292,0.340708,0.771028,0.228972,0.7401961,0.2598039,0.7788462,0.2211538,0.8585859,0.1414141,0.6666667,0.3333333,0.6588235,0.3411765,0.75,0.25,0.7117647,0.2882353,0.6041667,0.3958333,0.7403846,0.2596154,0.692229,0.307771,0.7352941,0.2647059,0.7943925,0.2056075,0.5833333,0.4166667,C,G
rs4663105,0.5729167,0.4270833,0.5983359,0.4016641,0.5169728,0.4830272,0.5302594,0.4697406,0.6393443,0.3606557,0.5174419,0.4825581,0.5698925,0.4301075,0.5656566,0.4343434,0.5582524,0.4417476,0.5857143,0.4142857,0.5159574,0.4840426,0.5704365,0.4295635,0.540404,0.459596,0.5964215,0.4035785,0.6212121,0.3787879,0.5769231,0.4230769,0.5048544,0.4951456,0.5132743,0.4867257,0.6448598,0.3551402,0.5343137,0.4656863,0.6201923,0.3798077,0.5151515,0.4848485,0.7373737,0.2626263,0.6176471,0.3823529,0.53125,0.46875,0.5411765,0.4588235,0.5520833,0.4479167,0.6009615,0.3990385,0.5265849,0.4734151,0.5637255,0.4362745,0.5700935,0.4299065,0.5972222,0.4027778,A,C
rs2632516,0.6354167,0.3645833,0.6520424,0.3479576,0.528155,0.471845,0.5936599,0.4063401,0.6721311,0.3278689,0.505814,0.494186,0.5806452,0.4193548,0.5757576,0.4242424,0.5048544,0.4951456,0.5047619,0.4952381,0.5744681,0.4255319,0.5327381,0.4672619,0.6868687,0.3131313,0.5328032,0.4671968,0.530303,0.469697,0.521978,0.478022,0.5485437,0.4514563,0.6283186,0.3716814,0.5233645,0.4766355,0.5392157,0.4607843,0.5673077,0.4326923,0.520202,0.479798,0.510101,0.489899,0.6823529,0.3176471,0.7109375,0.2890625,0.6529412,0.3470588,0.640625,0.359375,0.5096154,0.4903846,0.5051125,0.4948875,0.5637255,0.4362745,0.5700935,0.4299065,0.7731481,0.2268519,G,C
rs9381563,0.6822917,0.3177083,0.683056,0.316944,0.5866613,0.4133387,0.6440922,0.3559078,0.5983607,0.4016393,0.5755814,0.4244186,0.7634409,0.2365591,0.6464646,0.3535354,0.8009709,0.1990291,0.8428571,0.1571429,0.5904255,0.4095745,0.8055556,0.1944444,0.6616162,0.3383838,0.6779324,0.3220676,0.7727273,0.2272727,0.6208791,0.3791209,0.5728155,0.4271845,0.7345133,0.2654867,0.6635514,0.3364486,0.6568627,0.3431373,0.8269231,0.1730769,0.7878788,0.2121212,0.6363636,0.3636364,0.7764706,0.2235294,0.65625,0.34375,0.7588235,0.2411765,0.5729167,0.4270833,0.5913462,0.4086538,0.591002,0.408998,0.5735294,0.4264706,0.682243,0.317757,0.6666667,0.3333333,T,C
rs3865444,0.942708333,0.057291667,0.948562784,0.051437216,0.788738019,0.211261981,0.515850144,0.484149856,0.844262295,0.155737705,0.848837209,0.151162791,0.811827957,0.188172043,0.681818182,0.318181818,0.82038835,0.17961165,0.804761905,0.195238095,0.617021277,0.382978723,0.814484127,0.185515873,0.98989899,0.01010101,0.689860835,0.310139165,0.631313131,0.368686869,0.697802198,0.302197802,0.873786408,0.126213592,0.951327434,0.048672566,0.705607477,0.294392523,0.833333333,0.166666667,0.850961538,0.149038462,0.782828283,0.217171717,0.939393939,0.060606061,0.935294118,0.064705882,0.5625,0.4375,0.688235294,0.311764706,0.833333333,0.166666667,0.639423077,0.360576923,0.841513292,0.158486708,0.818627451,0.181372549,0.728971963,0.271028037,0.990740741,0.009259259,A,C
rs4236673,0.90625,0.09375,0.94402421,0.05597579,0.7653754,0.2346246,0.68011527,0.31988473,0.8852459,0.1147541,0.70348837,0.29651163,0.73655914,0.26344086,0.62626263,0.37373737,0.81067961,0.18932039,0.84285714,0.15714286,0.63829787,0.36170213,0.78869048,0.21130952,0.93939394,0.06060606,0.61232604,0.38767396,0.6010101,0.3989899,0.58241758,0.41758242,0.70873786,0.29126214,0.94690265,0.05309735,0.65420561,0.34579439,0.71568627,0.28431373,0.77884615,0.22115385,0.76767677,0.23232323,0.95959596,0.04040404,0.98235294,0.01764706,0.6796875,0.3203125,0.64705882,0.35294118,0.69791667,0.30208333,0.74519231,0.25480769,0.71779141,0.28220859,0.75980392,0.24019608,0.59345794,0.40654206,0.96759259,0.03240741,A,G
rs11257242,0.6145833,0.3854167,0.6164902,0.3835098,0.5219649,0.4780351,0.556196,0.443804,0.6065574,0.3934426,0.5290698,0.4709302,0.6827957,0.3172043,0.6161616,0.3838384,0.6650485,0.3349515,0.647619,0.352381,0.5957447,0.4042553,0.6845238,0.3154762,0.6161616,0.3838384,0.6510934,0.3489066,0.6262626,0.3737374,0.7197802,0.2802198,0.6213592,0.3786408,0.619469,0.380531,0.6682243,0.3317757,0.5,0.5,0.7884615,0.2115385,0.6363636,0.3636364,0.6868687,0.3131313,0.6176471,0.3823529,0.546875,0.453125,0.5294118,0.4705882,0.546875,0.453125,0.5961538,0.4038462,0.5398773,0.4601227,0.5,0.5,0.6308411,0.3691589,0.5555556,0.4444444,C,G
rs11763230,0.78125,0.21875,0.7700454,0.2299546,0.7825479,0.2174521,0.815562,0.184438,0.7540984,0.2459016,0.7151163,0.2848837,0.8602151,0.1397849,0.7929293,0.2070707,0.8592233,0.1407767,0.847619,0.152381,0.7925532,0.2074468,0.8422619,0.1577381,0.7272727,0.2727273,0.7813121,0.2186879,0.8131313,0.1868687,0.7197802,0.2802198,0.6941748,0.3058252,0.7743363,0.2256637,0.8130841,0.1869159,0.7303922,0.2696078,0.8076923,0.1923077,0.8383838,0.1616162,0.7575758,0.2424242,0.8176471,0.1823529,0.796875,0.203125,0.8588235,0.1411765,0.7291667,0.2708333,0.8125,0.1875,0.7157464,0.2842536,0.7107843,0.2892157,0.7616822,0.2383178,0.7777778,0.2222222,T,C
rs7657553,0.91666667,0.08333333,0.90242057,0.09757943,0.73861821,0.26138179,0.64697406,0.35302594,0.87704918,0.12295082,0.69767442,0.30232558,0.63978495,0.36021505,0.72222222,0.27777778,0.6407767,0.3592233,0.74285714,0.25714286,0.66489362,0.33510638,0.66369048,0.33630952,0.8989899,0.1010101,0.70974155,0.29025845,0.65656566,0.34343434,0.68131868,0.31868132,0.72815534,0.27184466,0.85840708,0.14159292,0.71495327,0.28504673,0.67156863,0.32843137,0.67307692,0.32692308,0.61616162,0.38383838,0.93939394,0.06060606,0.93529412,0.06470588,0.6171875,0.3828125,0.53529412,0.46470588,0.69791667,0.30208333,0.74038462,0.25961538,0.68916155,0.31083845,0.65196078,0.34803922,0.76635514,0.23364486,0.89351852,0.10648148,G,A
rs7935829,0.7708333,0.2291667,0.8093797,0.1906203,0.6841054,0.3158946,0.7276657,0.2723343,0.8278689,0.1721311,0.5639535,0.4360465,0.7096774,0.2903226,0.5252525,0.4747475,0.8446602,0.1553398,0.7571429,0.2428571,0.712766,0.287234,0.7748016,0.2251984,0.8636364,0.1363636,0.5954274,0.4045726,0.6969697,0.3030303,0.6318681,0.3681319,0.5873786,0.4126214,0.7920354,0.2079646,0.6028037,0.3971963,0.5441176,0.4558824,0.7980769,0.2019231,0.7575758,0.2424242,0.7979798,0.2020202,0.7764706,0.2235294,0.7421875,0.2578125,0.8529412,0.1470588,0.5260417,0.4739583,0.6298077,0.3701923,0.5184049,0.4815951,0.5147059,0.4852941,0.5280374,0.4719626,0.837963,0.162037,A,G
rs12590654,0.6979167,0.3020833,0.6384266,0.3615734,0.605631,0.394369,0.6988473,0.3011527,0.6229508,0.3770492,0.5697674,0.4302326,0.5913978,0.4086022,0.6666667,0.3333333,0.5048544,0.4951456,0.5190476,0.4809524,0.6808511,0.3191489,0.515873,0.484127,0.7222222,0.2777778,0.6630219,0.3369781,0.6717172,0.3282828,0.5714286,0.4285714,0.5242718,0.4757282,0.5221239,0.4778761,0.6588785,0.3411215,0.5441176,0.4558824,0.5817308,0.4182692,0.5656566,0.4343434,0.6313131,0.3686869,0.6529412,0.3470588,0.640625,0.359375,0.7411765,0.2588235,0.5364583,0.4635417,0.7163462,0.2836538,0.5286299,0.4713701,0.5441176,0.4558824,0.7336449,0.2663551,0.6342593,0.3657407,G,A
rs1859788,0.86979167,0.13020833,0.897882,0.102118,0.65874601,0.34125399,0.50288184,0.49711816,0.8852459,0.1147541,0.71511628,0.28488372,0.72580645,0.27419355,0.67171717,0.32828283,0.5631068,0.4368932,0.6,0.4,0.57446809,0.42553191,0.61210317,0.38789683,0.93939394,0.06060606,0.67892644,0.32107356,0.65151515,0.34848485,0.64285714,0.35714286,0.63106796,0.36893204,0.86283186,0.13716814,0.76635514,0.23364486,0.73529412,0.26470588,0.58173077,0.41826923,0.6010101,0.3989899,0.94444444,0.05555556,0.94705882,0.05294118,0.5546875,0.4453125,0.72941176,0.27058824,0.703125,0.296875,0.64423077,0.35576923,0.70858896,0.29141104,0.75980392,0.24019608,0.65420561,0.34579439,0.84722222,0.15277778,A,G
rs6733839,0.6145833,0.3854167,0.5975794,0.4024206,0.6050319,0.3949681,0.537464,0.462536,0.5327869,0.4672131,0.6337209,0.3662791,0.6451613,0.3548387,0.6010101,0.3989899,0.5776699,0.4223301,0.6142857,0.3857143,0.5425532,0.4574468,0.6279762,0.3720238,0.6414141,0.3585859,0.6202783,0.3797217,0.6363636,0.3636364,0.5879121,0.4120879,0.631068,0.368932,0.6327434,0.3672566,0.6869159,0.3130841,0.6029412,0.3970588,0.6923077,0.3076923,0.6111111,0.3888889,0.5252525,0.4747475,0.5941176,0.4058824,0.5390625,0.4609375,0.5705882,0.4294118,0.609375,0.390625,0.6201923,0.3798077,0.6237219,0.3762781,0.6421569,0.3578431,0.5841121,0.4158879,0.6111111,0.3888889,C,T
rs11771145,0.5260417,0.4739583,0.5832073,0.4167927,0.5678914,0.4321086,0.6974063,0.3025937,0.557377,0.442623,0.6860465,0.3139535,0.5053763,0.4946237,0.6515152,0.3484848,0.5631068,0.4368932,0.5666667,0.4333333,0.6170213,0.3829787,0.5218254,0.4781746,0.6010101,0.3989899,0.6371769,0.3628231,0.6313131,0.3686869,0.6098901,0.3901099,0.7038835,0.2961165,0.6106195,0.3893805,0.6542056,0.3457944,0.7156863,0.2843137,0.5288462,0.4711538,0.5606061,0.4393939,0.5505051,0.4494949,0.6352941,0.3647059,0.6171875,0.3828125,0.8058824,0.1941176,0.7239583,0.2760417,0.7307692,0.2692308,0.7014315,0.2985685,0.6764706,0.3235294,0.635514,0.364486,0.5925926,0.4074074,A,G
rs9331896,0.546875,0.453125,0.5869894,0.4130106,0.6172125,0.3827875,0.6426513,0.3573487,0.5655738,0.4344262,0.7093023,0.2906977,0.7258065,0.2741935,0.6212121,0.3787879,0.8106796,0.1893204,0.8333333,0.1666667,0.6117021,0.3882979,0.781746,0.218254,0.5606061,0.4393939,0.6043738,0.3956262,0.6010101,0.3989899,0.5659341,0.4340659,0.7135922,0.2864078,0.5530973,0.4469027,0.6401869,0.3598131,0.7107843,0.2892157,0.7644231,0.2355769,0.7676768,0.2323232,0.6313131,0.3686869,0.6294118,0.3705882,0.65625,0.34375,0.6352941,0.3647059,0.6979167,0.3020833,0.6682692,0.3317308,0.7188139,0.2811861,0.7598039,0.2401961,0.588785,0.411215,0.6203704,0.3796296,C,T
rs10792832,0.90104167,0.09895833,0.90620272,0.09379728,0.6865016,0.3134984,0.60806916,0.39193084,0.85245902,0.14754098,0.52325581,0.47674419,0.58064516,0.41935484,0.56565657,0.43434343,0.53883495,0.46116505,0.61428571,0.38571429,0.67553191,0.32446809,0.59126984,0.40873016,0.93434343,0.06565657,0.62823062,0.37176938,0.63131313,0.36868687,0.65384615,0.34615385,0.61650485,0.38349515,0.92035398,0.07964602,0.64953271,0.35046729,0.65686275,0.34313725,0.60096154,0.39903846,0.62121212,0.37878788,0.88383838,0.11616162,0.85882353,0.14117647,0.5703125,0.4296875,0.52941176,0.47058824,0.609375,0.390625,0.63461538,0.36538462,0.60327198,0.39672802,0.59803922,0.40196078,0.64018692,0.35981308,0.95833333,0.04166667,A,G
rs7561528,0.78645833,0.21354167,0.8086233,0.1913767,0.79992013,0.20007987,0.74063401,0.25936599,0.77868852,0.22131148,0.87790698,0.12209302,0.83870968,0.16129032,0.67171717,0.32828283,0.87864078,0.12135922,0.8952381,0.1047619,0.73404255,0.26595745,0.88095238,0.11904762,0.84343434,0.15656566,0.68290258,0.31709742,0.66161616,0.33838384,0.64835165,0.35164835,0.87864078,0.12135922,0.87168142,0.12831858,0.74766355,0.25233645,0.87745098,0.12254902,0.92307692,0.07692308,0.86363636,0.13636364,0.74242424,0.25757576,0.82941176,0.17058824,0.7578125,0.2421875,0.74705882,0.25294118,0.83333333,0.16666667,0.73076923,0.26923077,0.86707566,0.13292434,0.86764706,0.13235294,0.67757009,0.32242991,0.79166667,0.20833333,G,A
rs4938933,0.6875,0.3125,0.6860817,0.3139183,0.6176118,0.3823882,0.5893372,0.4106628,0.7213115,0.2786885,0.5465116,0.4534884,0.7043011,0.2956989,0.5353535,0.4646465,0.7378641,0.2621359,0.6904762,0.3095238,0.6382979,0.3617021,0.7113095,0.2886905,0.7525253,0.2474747,0.5964215,0.4035785,0.7020202,0.2979798,0.6263736,0.3736264,0.5825243,0.4174757,0.6769912,0.3230088,0.6074766,0.3925234,0.5686275,0.4313725,0.6875,0.3125,0.7373737,0.2626263,0.5606061,0.4393939,0.7,0.3,0.53125,0.46875,0.6235294,0.3764706,0.515625,0.484375,0.5528846,0.4471154,0.5296524,0.4703476,0.5147059,0.4852941,0.5186916,0.4813084,0.7175926,0.2824074,C,T
rs6701713,0.54166667,0.45833333,0.5484115,0.4515885,0.75159744,0.24840256,0.89337176,0.10662824,0.57377049,0.42622951,0.90697674,0.09302326,0.75806452,0.24193548,0.72222222,0.27777778,0.66504854,0.33495146,0.66666667,0.33333333,0.92553191,0.07446809,0.68849206,0.31150794,0.57070707,0.42929293,0.81610338,0.18389662,0.81818182,0.18181818,0.86263736,0.13736264,0.94660194,0.05339806,0.5,0.5,0.87383178,0.12616822,0.91176471,0.08823529,0.70192308,0.29807692,0.65656566,0.34343434,0.62626263,0.37373737,0.52352941,0.47647059,0.875,0.125,0.93529412,0.06470588,0.9375,0.0625,0.84134615,0.15865385,0.92433538,0.07566462,0.91666667,0.08333333,0.80373832,0.19626168,0.55555556,0.44444444,A,G
rs561655,0.8697917,0.1302083,0.866112,0.133888,0.659345,0.340655,0.6138329,0.3861671,0.8114754,0.1885246,0.505814,0.494186,0.5430108,0.4569892,0.6212121,0.3787879,0.5145631,0.4854369,0.5047619,0.4952381,0.6755319,0.3244681,0.5069444,0.4930556,0.8939394,0.1060606,0.6510934,0.3489066,0.6060606,0.3939394,0.6483516,0.3516484,0.6019417,0.3980583,0.8982301,0.1017699,0.7009346,0.2990654,0.6127451,0.3872549,0.5336538,0.4663462,0.5505051,0.4494949,0.8181818,0.1818182,0.8470588,0.1529412,0.5625,0.4375,0.5294118,0.4705882,0.5885417,0.4114583,0.6586538,0.3413462,0.5777096,0.4222904,0.5784314,0.4215686,0.6728972,0.3271028,0.8935185,0.1064815,A,G
rs9349407,0.80729167,0.19270833,0.84341906,0.15658094,0.80750799,0.19249201,0.7795389,0.2204611,0.81147541,0.18852459,0.78488372,0.21511628,0.80645161,0.19354839,0.72222222,0.27777778,0.87378641,0.12621359,0.89047619,0.10952381,0.81382979,0.18617021,0.87698413,0.12301587,0.84848485,0.15151515,0.74850895,0.25149105,0.81313131,0.18686869,0.68681319,0.31318681,0.73300971,0.26699029,0.8539823,0.1460177,0.75700935,0.24299065,0.80882353,0.19117647,0.89903846,0.10096154,0.90909091,0.09090909,0.82323232,0.17676768,0.85294118,0.14705882,0.75,0.25,0.81176471,0.18823529,0.765625,0.234375,0.74038462,0.25961538,0.76789366,0.23210634,0.75,0.25,0.75700935,0.24299065,0.88888889,0.11111111,C,G
rs11767557,0.8385417,0.1614583,0.8434191,0.1565809,0.8023163,0.1976837,0.8213256,0.1786744,0.8360656,0.1639344,0.7093023,0.2906977,0.8602151,0.1397849,0.7929293,0.2070707,0.8592233,0.1407767,0.847619,0.152381,0.7978723,0.2021277,0.8422619,0.1577381,0.8383838,0.1616162,0.7823062,0.2176938,0.8131313,0.1868687,0.7252747,0.2747253,0.68932040000000006,0.3106796,0.8274336,0.1725664,0.8130841,0.1869159,0.7303922,0.2696078,0.8076923,0.1923077,0.8383838,0.1616162,0.8232323,0.1767677,0.8882353,0.1117647,0.8046875,0.1953125,0.8588235,0.1411765,0.7239583,0.2760417,0.8221154,0.1778846,0.7126789,0.2873211,0.7107843,0.2892157,0.7616822,0.2383178,0.8564815,0.1435185,C,T
rs2718058,0.5572917,0.4427083,0.5824508,0.4175492,0.6633387,0.3366613,0.6772334,0.3227666,0.5245902,0.4754098,0.8837209,0.1162791,0.8387097,0.1612903,0.6212121,0.3787879,0.7427184,0.2572816,0.8238095,0.1761905,0.5851064,0.4148936,0.8095238,0.1904762,0.5858586,0.4141414,0.6282306,0.3717694,0.6616162,0.3383838,0.6813187,0.3186813,0.8737864,0.1262136,0.659292,0.340708,0.5794393,0.4205607,0.8627451,0.1372549,0.8269231,0.1730769,0.8181818,0.1818182,0.540404,0.459596,0.6411765,0.3588235,0.671875,0.328125,0.8,0.2,0.8385417,0.1614583,0.6634615,0.3365385,0.8711656,0.1288344,0.8970588,0.1029412,0.6074766,0.3925234,0.5462963,0.4537037,A,G
rs10948363,0.8125,0.1875,0.85930408,0.14069592,0.81190096,0.18809904,0.7795389,0.2204611,0.83606557,0.16393443,0.78488372,0.21511628,0.80645161,0.19354839,0.72222222,0.27777778,0.87378641,0.12621359,0.89047619,0.10952381,0.81382979,0.18617021,0.87698413,0.12301587,0.87373737,0.12626263,0.74850895,0.25149105,0.81313131,0.18686869,0.68681319,0.31318681,0.73300971,0.26699029,0.86725664,0.13274336,0.75700935,0.24299065,0.81372549,0.18627451,0.89903846,0.10096154,0.90909091,0.09090909,0.84343434,0.15656566,0.86470588,0.13529412,0.75,0.25,0.81176471,0.18823529,0.765625,0.234375,0.74038462,0.25961538,0.76891616,0.23108384,0.75,0.25,0.75700935,0.24299065,0.90277778,0.09722222,A,G
rs35349669,0.90625,0.09375,0.922844175,0.077155825,0.789536741,0.210463259,0.672910663,0.327089337,0.795081967,0.204918033,0.808139535,0.191860465,0.97311828,0.02688172,0.580808081,0.419191919,0.980582524,0.019417476,0.995238095,0.004761905,0.627659574,0.372340426,0.983134921,0.016865079,0.949494949,0.050505051,0.539761431,0.460238569,0.52020202,0.47979798,0.549450549,0.450549451,0.742718447,0.257281553,0.951327434,0.048672566,0.598130841,0.401869159,0.725490196,0.274509804,0.980769231,0.019230769,0.984848485,0.015151515,0.914141414,0.085858586,0.941176471,0.058823529,0.6953125,0.3046875,0.770588235,0.229411765,0.713541667,0.286458333,0.620192308,0.379807692,0.749488753,0.250511247,0.764705882,0.235294118,0.574766355,0.425233645,0.949074074,0.050925926,T,C
rs190982,0.890625,0.109375,0.94099849,0.05900151,0.78154952,0.21845048,0.8054755,0.1945245,0.90983607,0.09016393,0.59883721,0.40116279,0.8655914,0.1344086,0.61111111,0.38888889,0.84466019,0.15533981,0.88571429,0.11428571,0.73404255,0.26595745,0.86706349,0.13293651,0.95454545,0.04545455,0.62922465,0.37077535,0.75757576,0.24242424,0.60989011,0.39010989,0.62621359,0.37378641,0.95575221,0.04424779,0.61214953,0.38785047,0.65686275,0.34313725,0.83653846,0.16346154,0.9040404,0.0959596,0.91919192,0.08080808,0.98235294,0.01764706,0.859375,0.140625,0.92352941,0.07647059,0.63020833,0.36979167,0.74038462,0.25961538,0.61758691,0.38241309,0.57352941,0.42647059,0.56074766,0.43925234,0.96296296,0.03703704,A,G
rs17125944,0.94791667,0.05208333,0.95007564,0.04992436,0.88897764,0.11102236,0.8832853,0.1167147,0.91803279,0.08196721,0.88372093,0.11627907,0.8172043,0.1827957,0.91919192,0.08080808,0.74757282,0.25242718,0.75238095,0.24761905,0.93085106,0.06914894,0.77281746,0.22718254,0.92929293,0.07070707,0.9194831,0.0805169,0.86868687,0.13131313,0.93956044,0.06043956,0.89320388,0.10679612,0.96460177,0.03539823,0.93925234,0.06074766,0.91176471,0.08823529,0.73557692,0.26442308,0.81818182,0.18181818,0.96969697,0.03030303,0.97647059,0.02352941,0.84375,0.15625,0.84117647,0.15882353,0.91145833,0.08854167,0.89903846,0.10096154,0.89877301,0.10122699,0.89215686,0.10784314,0.92990654,0.07009346,0.93518519,0.06481481,C,T
rs9271192,0.6979167,0.3020833,0.8018154,0.1981846,0.7625799,0.2374201,0.7939481,0.2060519,0.7540984,0.2459016,0.6395349,0.3604651,0.6129032,0.3870968,0.7272727,0.2727273,0.8203883,0.1796117,0.8047619,0.1952381,0.7180851,0.2819149,0.7688492,0.2311508,0.7525253,0.2474747,0.7345924,0.2654076,0.6464646,0.3535354,0.7527473,0.2472527,0.7087379,0.2912621,0.9380531,0.0619469,0.7523364,0.2476636,0.7647059,0.2352941,0.7355769,0.2644231,0.8585859,0.1414141,0.7676768,0.2323232,0.8705882,0.1294118,0.765625,0.234375,0.8705882,0.1294118,0.671875,0.328125,0.8173077,0.1826923,0.7096115,0.2903885,0.75,0.25,0.7897196,0.2102804,0.8009259,0.1990741,C,A
rs28834970,0.7916667,0.2083333,0.7965204,0.2034796,0.6843051,0.3156949,0.7363112,0.2636888,0.7377049,0.2622951,0.505814,0.494186,0.6827957,0.3172043,0.6616162,0.3383838,0.7718447,0.2281553,0.7047619,0.2952381,0.6968085,0.3031915,0.7420635,0.2579365,0.7777778,0.2222222,0.6560636,0.3439364,0.6666667,0.3333333,0.6263736,0.3736264,0.5485437,0.4514563,0.8185841,0.1814159,0.6542056,0.3457944,0.5490196,0.4509804,0.8365385,0.1634615,0.7070707,0.2929293,0.7727273,0.2272727,0.8352941,0.1647059,0.734375,0.265625,0.8235294,0.1764706,0.5572917,0.4427083,0.7019231,0.2980769,0.5347648,0.4652352,0.6078431,0.3921569,0.6682243,0.3317757,0.8194444,0.1805556,C,T
rs10498633,0.875,0.125,0.8774584,0.1225416,0.84724441,0.15275559,0.82132565,0.17867435,0.86885246,0.13114754,0.8372093,0.1627907,0.91935484,0.08064516,0.81818182,0.18181818,0.88349515,0.11650485,0.90952381,0.09047619,0.79255319,0.20744681,0.91468254,0.08531746,0.89393939,0.10606061,0.78528827,0.21471173,0.78787879,0.21212121,0.69230769,0.30769231,0.82038835,0.17961165,0.84955752,0.15044248,0.77570093,0.22429907,0.84803922,0.15196078,0.96153846,0.03846154,0.8989899,0.1010101,0.90909091,0.09090909,0.84705882,0.15294118,0.796875,0.203125,0.82941176,0.17058824,0.76041667,0.23958333,0.85576923,0.14423077,0.8190184,0.1809816,0.82843137,0.17156863,0.8411215,0.1588785,0.89351852,0.10648148,T,G
rs7185636,0.86979167,0.13020833,0.93192133,0.06807867,0.59085463,0.40914537,0.81556196,0.18443804,0.81147541,0.18852459,0.59883721,0.40116279,0.80107527,0.19892473,0.8030303,0.1969697,0.7815534,0.2184466,0.8,0.2,0.75,0.25,0.78670635,0.21329365,0.94949495,0.05050505,0.8359841,0.1640159,0.89393939,0.10606061,0.83516484,0.16483516,0.75242718,0.24757282,0.97787611,0.02212389,0.79906542,0.20093458,0.62254902,0.37745098,0.78365385,0.21634615,0.76767677,0.23232323,0.91414141,0.08585859,0.98823529,0.01176471,0.8984375,0.1015625,0.88823529,0.11176471,0.734375,0.265625,0.76442308,0.23557692,0.68404908,0.31595092,0.70098039,0.29901961,0.85046729,0.14953271,0.96296296,0.03703704,T,C
rs593742,0.7604167,0.2395833,0.7057489,0.2942511,0.5313498,0.4686502,0.5475504,0.4524496,0.6885246,0.3114754,0.5755814,0.4244186,0.7634409,0.2365591,0.6969697,0.3030303,0.8300971,0.1699029,0.8047619,0.1952381,0.6489362,0.3510638,0.7867063,0.2132937,0.7525253,0.2474747,0.6799205,0.3200795,0.5959596,0.4040404,0.6703297,0.3296703,0.5048544,0.4951456,0.6769912,0.3230088,0.6775701,0.3224299,0.5392157,0.4607843,0.7403846,0.2596154,0.7929293,0.2070707,0.6262626,0.3737374,0.6823529,0.3176471,0.5234375,0.4765625,0.6058824,0.3941176,0.5520833,0.4479167,0.625,0.375,0.5408998,0.4591002,0.5490196,0.4509804,0.7523364,0.2476636,0.7453704,0.2546296,G,A
rs2830500,0.890625,0.109375,0.92813918,0.07186082,0.83027157,0.16972843,0.78530259,0.21469741,0.91803279,0.08196721,0.70930233,0.29069767,0.96236559,0.03763441,0.72727273,0.27272727,0.94174757,0.05825243,0.93333333,0.06666667,0.7393617,0.2606383,0.9484127,0.0515873,0.94949495,0.05050505,0.68091451,0.31908549,0.69191919,0.30808081,0.73626374000000006,0.26373626,0.76699029,0.23300971,0.95132743,0.04867257,0.64018692,0.35981308,0.78431373,0.21568627,0.97115385,0.02884615,0.93434343,0.06565657,0.9040404,0.0959596,0.94705882,0.05294118,0.875,0.125,0.9,0.1,0.76041667,0.23958333,0.67788462,0.32211538,0.76175869,0.23824131,0.77941176,0.22058824,0.62149533,0.37850467,0.93055556,0.06944444,A,C
rs7920721,0.84895833,0.15104167,0.88804841,0.11195159,0.73023163,0.26976837,0.59221902,0.40778098,0.83606557,0.16393443,0.69767442,0.30232558,0.77956989,0.22043011,0.65656566,0.34343434,0.76213592,0.23786408,0.74285714,0.25714286,0.57978723,0.42021277,0.77678571,0.22321429,0.86363636,0.13636364,0.63220676,0.36779324,0.68181818,0.31818182,0.6043956,0.3956044,0.55825243,0.44174757,0.91150442,0.08849558,0.60747664,0.39252336,0.67647059,0.32352941,0.87019231,0.12980769,0.72727273,0.27272727,0.93434343,0.06565657,0.90588235,0.09411765,0.578125,0.421875,0.58235294,0.41764706,0.70833333,0.29166667,0.62019231,0.37980769,0.66768916,0.33231084,0.70588235,0.29411765,0.61214953,0.38785047,0.89351852,0.10648148,G,A
rs1060743,0.7447917,0.2552083,0.7556732,0.2443268,0.6453674,0.3546326,0.6340058,0.3659942,0.7295082,0.2704918,0.5290698,0.4709302,0.5107527,0.4892473,0.6919192,0.3080808,0.5970874,0.4029126,0.5380952,0.4619048,0.6648936,0.3351064,0.546627,0.453373,0.7727273,0.2272727,0.7087475,0.2912525,0.7575758,0.2424242,0.6978022,0.3021978,0.6747573,0.3252427,0.7123894,0.2876106,0.7336449,0.2663551,0.5343137,0.4656863,0.6490385,0.3509615,0.510101,0.489899,0.6868687,0.3131313,0.8411765,0.1588235,0.5625,0.4375,0.6117647,0.3882353,0.5,0.5,0.6682692,0.3317308,0.5408998,0.4591002,0.5294118,0.4705882,0.6635514,0.3364486,0.8055556,0.1944444,A,G
rs1532278,0.796875,0.203125,0.8419062,0.1580938,0.7364217,0.2635783,0.6729107,0.3270893,0.8606557,0.1393443,0.7034884,0.2965116,0.7258065,0.2741935,0.6313131,0.3686869,0.8058252,0.1941748,0.8380952,0.1619048,0.6276596,0.3723404,0.781746,0.218254,0.8888889,0.1111111,0.6143141,0.3856859,0.6010101,0.3989899,0.5824176,0.4175824,0.7087379,0.2912621,0.8230088,0.1769912,0.6542056,0.3457944,0.7156863,0.2843137,0.7644231,0.2355769,0.7676768,0.2323232,0.8181818,0.1818182,0.8647059,0.1352941,0.671875,0.328125,0.6470588,0.3529412,0.6979167,0.3020833,0.7355769,0.2644231,0.7177914,0.2822086,0.7598039,0.2401961,0.5981308,0.4018692,0.8518519,0.1481481,T,C
rs7412,0.875,0.125,0.897125567,0.102874433,0.924920128,0.075079872,0.952449568,0.047550432,0.868852459,0.131147541,0.947674419,0.052325581,0.897849462,0.102150538,0.934343434,0.065656566,0.893203883,0.106796117,0.923809524,0.076190476,0.914893617,0.085106383,0.899801587,0.100198413,0.949494949,0.050505051,0.937375746,0.062624254,0.929292929,0.070707071,0.923076923,0.076923077,0.961165049,0.038834951,0.867256637,0.132743363,0.943925234,0.056074766,0.950980392,0.049019608,0.951923077,0.048076923,0.828282828,0.171717172,0.954545455,0.045454545,0.858823529,0.141176471,0.953125,0.046875,0.994117647,0.005882353,0.963541667,0.036458333,0.951923077,0.048076923,0.95603272,0.04396728,0.955882353,0.044117647,0.953271028,0.046728972,0.893518519,0.106481481,T,C
rs11754661,0.9947916667,0.0052083333,0.9992435703,7.564297e-4,0.9676517572,0.0323482428,0.9553314121,0.0446685879,1,0,0.9825581395,0.0174418605,0.9731182796,0.0268817204,0.9444444444,0.0555555556,0.9563106796,0.0436893204,0.9761904762,0.0238095238,0.9361702128,0.0638297872,0.9642857143,0.0357142857,1,0,0.9324055666,0.0675944334,0.9292929293,0.0707070707,0.9285714286,0.0714285714,0.9417475728,0.0582524272,1,0,0.9158878505,0.0841121495,1,0,0.9663461538,0.0336538462,0.9494949495,0.0505050505,1,0,1,0,0.9765625,0.0234375,1,0,0.9635416667,0.0364583333,0.9230769231,0.0769230769,0.9734151329,0.0265848671,0.9803921569,0.0196078431,0.9439252336,0.0560747664,1,0,G,A
rs75002042,0.796875,0.203125,0.758698941,0.241301059,0.853035144,0.146964856,0.969740634,0.030259366,0.786885246,0.213114754,0.941860465,0.058139535,0.661290323,0.338709677,0.984848485,0.015151515,0.640776699,0.359223301,0.585714286,0.414285714,0.973404255,0.026595745,0.650793651,0.349206349,0.752525253,0.247474747,0.99304175,0.00695825,1,0,0.994505495,0.005494505,0.951456311,0.048543689,0.85840708,0.14159292,0.990654206,0.009345794,0.960784314,0.039215686,0.692307692,0.307692308,0.676767677,0.323232323,0.681818182,0.318181818,0.752941176,0.247058824,0.96875,0.03125,0.970588235,0.029411765,0.973958333,0.026041667,0.966346154,0.033653846,0.962167689,0.037832311,0.980392157,0.019607843,0.995327103,0.004672897,1,0,T,A
rs394819,0.864583333,0.135416667,0.867624811,0.132375189,0.963258786,0.036741214,0.994236311,0.005763689,0.93442623,0.06557377,1,0,1,0,1,0,1,0,1,0,0.989361702,0.010638298,0.995039683,0.004960317,0.853535354,0.146464646,1,0,1,0,1,0,1,0,0.82300885,0.17699115,1,0,1,0,0.985576923,0.014423077,0.98989899,0.01010101,0.858585859,0.141414141,0.905882353,0.094117647,1,0,1,0,1,0,0.990384615,0.009615385,1,0,1,0,1,0,1,0,T,G
rs12989701,0.869791667,0.130208333,0.893343419,0.106656581,0.91413738,0.08586262,0.904899135,0.095100865,0.893442623,0.106557377,0.895348837,0.104651163,0.967741935,0.032258065,0.878787879,0.121212121,0.990291262,0.009708738,0.995238095,0.004761905,0.877659574,0.122340426,0.988095238,0.011904762,0.893939394,0.106060606,0.876739563,0.123260437,0.873737374,0.126262626,0.862637363,0.137362637,0.90776699,0.09223301,0.924778761,0.075221239,0.897196262,0.102803738,0.926470588,0.073529412,1,0,0.984848485,0.015151515,0.898989899,0.101010101,0.917647059,0.082352941,0.90625,0.09375,0.941176471,0.058823529,0.911458333,0.088541667,0.899038462,0.100961538,0.911042945,0.088957055,0.911764706,0.088235294,0.869158879,0.130841121,1,0,C,A
rs115550680,0.947916667,0.052083333,0.931921331,0.068078669,0.981429712,0.018570288,0.995677233,0.004322767,0.926229508,0.073770491999999993,1,0,1,0,1,0,1,0,1,0,0.994680851,0.005319149,1,0,0.949494949,0.050505051,1,0,1,0,1,0,1,0,0.96460177,0.03539823,1,0,1,0,1,0,1,0,0.949494949,0.050505051,0.935294118,0.064705882,1,0,0.994117647,0.005882353,1,0,0.995192308,0.004807692,1,0,1,0,1,0,1,0,G,A
rs41289512,0.9947916667,0.0052083333,0.9992435703,7.564297e-4,0.9922124601,0.0077875399,0.9971181556,0.0028818444,1,0,0.9941860465,0.0058139535,1,0,0.9444444444,0.0555555556,1,0,1,0,1,0,1,0,1,0,0.9691848907,0.0308151093,0.9595959596,0.0404040404,0.967032967,0.032967033,0.9951456311,0.0048543689,1,0,0.9906542056,0.0093457944,1,0,1,0,1,0,1,0,1,0,0.984375,0.015625,1,0,0.9895833333,0.0104166667,1,0,0.9948875256,0.0051124744,0.9950980392,0.0049019608,0.9813084112,0.0186915888,1,0,G,C
rs8093731,0.71875,0.28125,0.712556732,0.287443268,0.883985623,0.116014377,0.971181556,0.028818444,0.762295082,0.237704918,0.837209302,0.162790698,0.967741935,0.032258065,0.984848485,0.015151515,0.980582524,0.019417476,0.985714286,0.014285714,0.994680851,0.005319149,0.973214286,0.026785714,0.727272727,0.272727273,0.988071571,0.011928429,1,0,0.978021978,0.021978022,0.883495146,0.116504854,0.690265487,0.309734513,0.990654206,0.009345794,0.867647059,0.132352941,0.947115385,0.052884615,0.984848485,0.015151515,0.742424242,0.257575758,0.647058824,0.352941176,0.9609375,0.0390625,0.988235294,0.011764706,0.880208333,0.119791667,0.942307692,0.057692308,0.854805726,0.145194274,0.803921569,0.196078431,0.985981308,0.014018692,1,0,C,T
rs6656401,0.989583333,0.010416667,0.993948563,0.006051437,0.933306709,0.066693291,0.92074928,0.07925072,0.967213115,0.032786885,0.941860465,0.058139535,0.951612903,0.048387097,0.737373737,0.262626263,0.961165049,0.038834951,0.980952381,0.019047619,0.946808511,0.053191489,0.964285714,0.035714286,1,0,0.826043738,0.173956262,0.828282828,0.171717172,0.884615385,0.115384615,0.946601942,0.053398058,1,0,0.873831776,0.126168224,0.926470588,0.073529412,0.971153846,0.028846154,0.954545455,0.045454545,0.98989899,0.01010101,1,0,0.90625,0.09375,0.958823529,0.041176471,0.9375,0.0625,0.875,0.125,0.938650307,0.061349693,0.941176471,0.058823529,0.808411215,0.191588785,1,0,G,A
rs983392,0.953125,0.046875,0.97806354,0.02193646,0.769169329,0.230830671,0.723342939,0.276657061,0.942622951,0.057377049,0.622093023,0.377906977,0.956989247,0.043010753,0.53030303,0.46969697,0.951456311,0.048543689,0.966666667,0.033333333,0.707446809,0.292553191,0.951388889,0.048611111,1,0,0.585487078,0.414512922,0.696969697,0.303030303,0.648351648,0.351648352,0.504854369,0.495145631,0.995575221,0.004424779,0.574766355,0.425233645,0.509803922,0.490196078,0.908653846,0.091346154,0.974747475,0.025252525,0.974747475,0.025252525,0.970588235,0.029411765,0.75,0.25,0.811764706,0.188235294,0.520833333,0.479166667,0.649038462,0.350961538,0.520449898,0.479550102,0.519607843,0.480392157,0.509345794,0.490654206,1,0,G,A
rs4147929,0.989583333,0.010416667,0.988653555,0.011346445,0.824880192,0.175119808,0.864553314,0.135446686,0.959016393,0.040983607,0.738372093,0.261627907,0.634408602,0.365591398,0.818181818,0.181818182,0.718446602,0.281553398,0.695238095,0.304761905,0.819148936,0.180851064,0.646825397,0.353174603,0.994949495,0.005050505,0.815109344,0.184890656,0.898989899,0.101010101,0.818681319,0.181318681,0.844660194,0.155339806,0.986725664,0.013274336,0.76635514,0.23364486,0.700980392,0.299019608,0.581730769,0.418269231,0.601010101,0.398989899,0.97979798,0.02020202,1,0,0.90625,0.09375,0.958823529,0.041176471,0.828125,0.171875,0.802884615,0.197115385,0.768916155,0.231083845,0.730392157,0.269607843,0.780373832,0.219626168,1,0,G,A
rs7274581,0.802083333,0.197916667,0.762481089,0.237518911,0.905950479,0.094049521,0.90778098,0.09221902,0.754098361,0.245901639,0.970930233,0.029069767,1,0,0.909090909,0.090909091,1,0,1,0,0.882978723,0.117021277,1,0,0.757575758,0.242424242,0.920477137,0.079522863,0.96969697,0.03030303,0.912087912,0.087912088,0.990291262,0.009708738,0.792035398,0.207964602,0.920560748,0.079439252,0.995098039,0.004901961,1,0,1,0,0.696969697,0.303030303,0.776470588,0.223529412,0.9375,0.0625,0.982352941,0.017647059,0.973958333,0.026041667,0.850961538,0.149038462,0.986707566,0.013292434,1,0,0.892523364,0.107476636,1,0,C,T
rs1476679,0.96354167,0.03645833,0.98487141,0.01512859,0.78853834,0.21146166,0.77377522,0.22622478,0.96721311,0.03278689,0.77906977,0.22093023,0.57526882,0.42473118,0.67676768,0.32323232,0.67475728,0.32524272,0.6952381,0.3047619,0.78191489,0.21808511,0.65079365,0.34920635,1,0,0.70079523,0.29920477,0.70707071,0.29292929,0.63736264,0.36263736,0.7038835,0.2961165,0.97787611,0.02212389,0.78504673,0.21495327,0.79901961,0.20098039,0.65384615,0.34615385,0.64646465,0.35353535,0.97979798,0.02020202,1,0,0.765625,0.234375,0.77058824,0.22941176,0.71875,0.28125,0.77403846,0.22596154,0.76584867,0.23415133,0.82843137,0.17156863,0.68691589,0.31308411,1,0,C,T
rs10838725,0.947916667,0.052083333,0.987140696,0.012859304,0.736821086,0.263178914,0.780979827,0.219020173,0.950819672,0.049180328,0.505813953,0.494186047,0.564516129,0.435483871,0.661616162,0.338383838,0.684466019,0.315533981,0.633333333,0.366666667,0.765957447,0.234042553,0.614087302,0.385912698,1,0,0.720675944,0.279324056,0.828282828,0.171717172,0.747252747,0.252747253,0.538834951,0.461165049,1,0,0.710280374,0.289719626,0.509803922,0.490196078,0.740384615,0.259615385,0.555555556,0.444444444,0.994949495,0.005050505,1,0,0.7734375,0.2265625,0.858823529,0.141176471,0.546875,0.453125,0.735576923,0.264423077,0.510224949,0.489775051,0.529411765,0.470588235,0.663551402,0.336448598,1,0,C,T
rs138190086,1,0,0.998487141,0.001512859,0.986821086,0.013178914,0.991354467,0.008645533,1,0,0.988372093,0.011627907,1,0,0.98989899,0.01010101,0.990291262,0.009708738,0.995238095,0.004761905,0.984042553,0.015957447,0.985119048,0.014880952,1,0,0.989065606,0.010934394,0.994949495,0.005050505,0.972527473,0.027472527,0.970873786,0.029126214,0.995575221,0.004424779,0.985981308,0.014018692,0.93627451,0.06372549,0.956730769,0.043269231,0.984848485,0.015151515,0.994949495,0.005050505,1,0,1,0,0.994117647,0.005882353,0.96875,0.03125,0.990384615,0.009615385,0.967280164,0.032719836,0.975490196,0.024509804,1,0,1,0,G,A
rs114812713,1,0,0.9992435703,7.564297e-4,0.991413738,0.008586262,0.9827089337,0.0172910663,0.9918032787,0.0081967213,1,0,1,0,0.9646464646,0.0353535354,1,0,1,0,0.9787234043,0.0212765957,1,0,1,0,0.972166998,0.027833002,0.9848484848,0.0151515152,0.967032967,0.032967033,1,0,1,0,0.9719626168,0.0280373832,1,0,1,0,1,0,1,0,1,0,1,0,0.9882352941,0.0117647059,0.9947916667,0.0052083333,0.9711538462,0.0288461538,0.9979550102,0.0020449898,0.9950980392,0.0049019608,0.9719626168,0.0280373832,1,0,G,C
rs62039712,0.984375,0.015625,0.9954614221,0.0045385779,0.9630591054,0.0369408946,0.9380403458,0.0619596542,0.9754098361,0.0245901639,1,0,1,0,0.8484848485,0.1515151515,1,0,1,0,0.9095744681,0.0904255319,0.9990079365,9.920635e-4,1,0,0.8787276342,0.1212723658,0.8737373737,0.1262626263,0.8956043956,0.1043956044,0.9854368932,0.0145631068,1,0,0.8644859813,0.1355140187,0.9852941176,0.0147058824,1,0,0.9949494949,0.0050505051,1,0,1,0,0.9453125,0.0546875,0.9941176471,0.0058823529,0.9895833333,0.0104166667,0.9134615385,0.0865384615,0.9867075665,0.0132924335,0.9754901961,0.0245098039,0.9112149533,0.0887850467,1,0,A,G
rs143332484,0.9947916667,0.0052083333,0.9992435703,7.564297e-4,0.9950079872,0.0049920128,0.9841498559,0.0158501441,1,0,1,0,1,0,0.9898989899,0.0101010101,1,0,1,0,0.9840425532,0.0159574468,1,0,1,0,0.9890656064,0.0109343936,0.9848484848,0.0151515152,0.989010989,0.010989011,1,0,1,0,0.9859813084,0.0140186916,1,0,1,0,1,0,1,0,1,0,1,0,0.9882352941,0.0117647059,0.9895833333,0.0104166667,0.9711538462,0.0288461538,0.9979550102,0.0020449898,1,0,0.9953271028,0.0046728972,1,0,C,T
rs616338,1,0,0.9992435703,7.564297e-4,0.9984025559,0.0015974441,1,0,0.9918032787,0.0081967213,1,0,1,0,0.9797979798,0.0202020202,1,0,1,0,1,0,1,0,1,0,0.9930417495,0.0069582505,0.9898989899,0.0101010101,0.9945054945,0.0054945055,1,0,1,0,1,0,1,0,1,0,1,0,1,0,1,0,1,0,1,0,1,0,1,0,1,0,1,0,1,0,1,0,C,T
rs72824905,1,0,1,0,0.997204473,0.002795527,0.997118156,0.002881844,1,0,1,0,1,0,0.984848485,0.015151515,1,0,1,0,0.994680851,0.005319149,1,0,1,0,0.989065606,0.010934394,1,0,0.989010989,0.010989011,0.995145631,0.004854369,1,0,0.990654206,0.009345794,1,0,1,0,1,0,1,0,1,0,0.9921875,0.0078125,1,0,1,0,1,0,0.998977505,0.001022495,1,0,0.981308411,0.018691589,1,0,G,C
rs75932628,1,0,1,0,0.998003195,0.001996805,0.995677233,0.004322767,1,0,1,0,1,0,0.98989899,0.01010101,1,0,1,0,0.984042553,0.015957447,1,0,1,0,0.995029821,0.004970179,0.994949495,0.005050505,0.994505495,0.005494505,1,0,1,0,0.995327103,0.004672897,1,0,1,0,1,0,1,0,1,0,1,0,1,0,0.994791667,0.005208333,1,0,0.99795501,0.00204499,0.995098039,0.004901961,1,0,1,0,C,T
rs139967528,1,0,0.9992435703,7.564297e-4,0.9998003195,1.996805e-4,1,0,0.9918032787,0.0081967213,1,0,1,0,1,0,1,0,1,0,1,0,1,0,1,0,1,0,1,0,1,0,1,0,1,0,1,0,1,0,1,0,1,0,1,0,1,0,1,0,1,0,1,0,1,0,1,0,1,0,1,0,1,0,A,G
